ID,Q1,Q2,Q3,Q4,Q5,Q6,Q7,Q8,Q9,Q10,Q11,Q12,Q13,Q14,Q15,Q16,Q17,Q18,Q19,Q20,Q21,Q22,Q23,Q24,Q25,Q26,Q27,Q28,Q29,Q30,Q31,Q32,Q33,Q34,Q35,Q36,Q37,Q38,Q39,Q40,Q41,Q42,Q43,Q44,Q45,Q46,Q47,Q48,Q49,Q50,Q51,Q52,Q53,Q54,Q55,Q56,Q57,Q58,Q59,Q60,Q61,,,,,,,,,,,,
003,2,4,5,5,1,2,4,5,5,5,4,4,4,1,5,2,4,2,2,4,2,4,4,2,2,4,1,5,2,3,4,2,4,4,4,2,3,5,4,2,3,2,4,4,2,1,1,1,5,4,1,5,4,1,1,4,4,4,4,4,2,,,,,,,,,,,,
004,3,4,4,1,1,5,4,4,2,3,4,2,4,1,1,4,1,3,1,2,1,5,5,1,1,1,1,1,1,3,5,2,1,1,1,4,1,1,1,5,1,5,5,4,1,1,1,1,2,2,1,1,3,,1,5,1,3,4,1,5,,,,,,,,,,,,
005,2,4,5,4,1,4,4,5,3,4,4,2,3,2,3,3,2,3,2,2,2,2,4,1,1,4,4,4,2,2,5,3,2,2,5,3,4,2,4,2,3,3,4,4,4,2,1,3,5,2,2,3,1,1,4,5,4,4,4,2,3,,,,,,,,,,,,
008,4,5,4,3,3,4,4,4,2,3,3,3,3,2,1,1,2,2,2,2,2,2,3,1,1,2,3,2,3,2,5,1,1,1,4,2,2,2,3,1,3,2,5,5,1,1,1,1,3,1,1,1,3,1,2,3,1,5,2,1,3,,,,,,,,,,,,
009,2,4,4,4,4,5,4,3,2,2,3,1,2,4,2,4,4,2,3,3,1,5,5,1,1,5,4,4,1,2,5,1,1,1,4,4,2,2,2,1,5,1,5,5,1,1,1,1,5,1,1,4,4,1,2,4,1,4,5,1,1,,,,,,,,,,,,
010,1,2,1,2,3,2,4,1,3,1,2,3,4,1,3,1,2,4,1,5,1,5,2,4,3,1,4,2,4,5,1,3,1,2,4,5,2,5,3,3,5,5,5,5,1,2,1,1,1,1,3,4,1,1,1,3,4,2,5,1,5,,,,,,,,,,,,
011,2,2,2,2,1,5,5,3,1,4,2,1,5,3,1,1,1,1,1,1,1,1,1,1,1,1,1,1,1,1,5,1,1,1,5,5,1,1,1,1,5,1,5,5,1,1,1,1,1,5,1,1,1,1,1,5,1,5,1,1,1,,,,,,,,,,,,
012,2,3,4,3,2,4,4,5,3,4,3,2,4,2,1,2,1,5,2,2,2,2,2,1,1,1,2,3,1,1,3,1,2,2,4,4,3,4,3,2,2,2,5,4,1,1,1,2,2,1,2,2,3,1,2,4,1,5,2,1,2,,,,,,,,,,,,
013,3,3,3,1,4,5,2,5,1,3,3,3,3,4,3,3,3,3,1,1,1,1,1,2,1,1,1,1,1,1,5,3,1,1,1,1,1,1,1,1,1,1,1,5,1,1,1,1,1,5,1,1,1,1,1,5,1,5,1,1,1,,,,,,,,,,,,
014,4,2,2,2,1,5,5,4,1,4,2,1,4,4,3,1,4,2,4,2,3,2,4,1,1,4,3,3,1,3,5,2,3,2,4,4,2,2,2,2,4,4,4,5,1,2,1,5,4,2,2,4,3,1,3,5,2,5,1,1,4,,,,,,,,,,,,
015,3,2,4,2,3,4,4,4,2,2,1,3,5,3,2,3,2,1,1,4,1,1,3,2,2,2,1,1,1,1,5,2,1,2,2,2,1,1,1,3,2,2,3,4,1,1,1,1,4,2,3,1,3,1,1,3,2,4,2,1,4,,,,,,,,,,,,
016,4,5,5,4,1,2,4,1,2,4,5,3,4,3,3,3,5,1,4,2,2,4,2,3,1,4,5,5,2,2,4,1,4,3,5,3,5,5,3,1,4,2,4,4,1,1,1,2,4,2,2,4,4,1,2,4,1,5,2,2,3,,,,,,,,,,,,
018,2,4,4,2,1,3,5,4,4,5,2,1,2,2,1,4,1,5,1,5,1,5,2,2,1,1,4,4,1,1,4,1,3,3,4,3,3,3,4,2,4,3,4,5,1,3,2,1,4,1,1,5,4,1,3,3,2,3,4,2,2,,,,,,,,,,,,
019,2,4,5,2,1,4,3,4,2,4,4,2,3,4,4,1,3,1,4,1,2,4,3,1,1,1,1,1,3,3,5,1,1,1,3,3,1,1,1,1,1,1,1,1,1,4,3,1,5,3,2,4,5,1,2,4,3,4,3,1,5,,,,,,,,,,,,
020,4,4,4,5,2,3,4,5,4,4,4,4,5,3,3,3,3,3,3,3,3,3,4,3,1,5,5,5,1,1,4,1,4,4,4,4,4,4,2,1,3,3,3,3,3,3,3,3,3,3,3,3,3,3,3,3,3,3,3,3,3,,,,,,,,,,,,
021,4,4,4,4,1,3,4,3,3,4,4,3,5,3,2,3,3,3,2,4,2,2,3,2,2,2,2,2,2,3,5,2,2,2,3,2,3,3,2,2,2,2,5,3,1,1,1,1,5,3,2,2,4,1,3,5,3,3,4,2,3,,,,,,,,,,,,
022,4,1,4,3,2,4,4,4,2,4,3,3,4,2,2,3,3,3,3,3,1,4,3,2,1,4,1,2,1,1,4,1,3,2,4,2,2,2,4,1,2,2,4,4,1,1,1,1,4,1,2,2,3,,2,4,1,5,2,1,2,,,,,,,,,,,,
023,4,5,4,5,2,3,5,5,4,4,5,3,4,3,3,3,3,3,3,3,2,2,2,2,1,4,4,4,1,2,4,2,3,4,4,3,5,4,3,2,3,2,2,2,3,1,1,1,4,2,2,3,4,1,3,4,3,3,3,2,2,,,,,,,,,,,,
024,4,5,4,3,1,2,4,4,3,4,3,2,4,3,3,3,3,3,4,2,2,3,4,2,1,5,4,5,2,1,5,2,3,3,4,3,4,4,4,2,2,2,4,4,2,1,1,3,4,4,2,4,5,1,3,4,3,4,4,2,3,,,,,,,,,,,,
025,4,1,5,2,2,5,5,4,2,4,3,3,2,2,2,1,1,1,1,1,1,1,2,1,1,1,2,1,1,1,3,1,1,2,1,5,1,1,1,3,2,5,5,5,1,1,1,1,1,1,1,4,2,1,1,3,1,5,1,1,3,,,,,,,,,,,,
026,1,3,5,1,1,5,5,4,1,4,1,1,4,2,1,1,1,1,1,1,1,4,1,1,1,1,1,3,1,5,5,1,1,1,4,1,1,1,1,3,3,4,5,1,5,1,1,2,4,1,1,1,4,1,1,4,1,1,1,1,3,,,,,,,,,,,,
027,2,4,4,4,2,2,1,4,3,2,4,4,1,4,4,2,2,4,4,2,2,3,4,2,2,4,4,4,5,2,5,4,4,4,4,2,3,3,2,2,4,4,4,2,2,1,2,4,2,1,1,4,1,2,3,2,2,4,2,2,4,,,,,,,,,,,,
028,4,4,3,3,3,5,5,5,1,5,2,4,2,1,1,1,1,1,2,2,1,1,2,2,1,2,2,2,1,1,4,1,2,2,2,1,1,1,2,1,4,1,5,5,5,1,1,1,1,1,1,1,1,1,1,5,1,5,1,1,1,,,,,,,,,,,,
029,3,4,5,2,2,3,5,4,3,4,4,3,5,4,2,4,4,2,,,3,2,4,1,1,4,3,3,4,3,5,3,4,4,4,5,3,2,4,3,3,5,4,3,2,3,3,3,5,3,1,5,5,1,4,4,3,4,5,3,5,,,,,,,,,,,,
81,4,1,4,2,4,5,4,4,3,2,1,4,2,1,1,1,1,1,1,1,1,1,1,1,1,1,2,3,2,3,4,3,1,1,1,4,2,2,1,2,2,3,2,2,1,1,1,1,4,1,1,3,3,1,1,3,3,2,3,1,3,,,,,,,,,,,,
82,2,4,3,4,2,4,3,3,3,4,3,3,3,4,4,2,3,3,2,4,3,3,4,2,2,2,3,3,2,2,4,2,2,3,4,2,3,3,3,2,2,3,3,3,1,1,1,1,4,3,2,3,4,1,3,3,2,4,3,1,4,,,,,,,,,,,,
83,3,3,3,1,2,5,3,4,3,4,2,2,5,3,3,3,2,2,2,2,3,3,3,1,1,3,1,1,3,4,5,4,1,1,2,4,2,1,2,2,5,4,5,5,1,1,1,2,4,1,1,1,4,1,1,4,1,5,3,1,5,,,,,,,,,,,,
86,4,3,3,2,3,4,3,4,4,3,2,2,4,4,2,2,2,2,2,2,2,2,2,2,2,2,2,2,3,2,4,2,2,2,2,4,2,2,2,3,2,4,3,4,3,2,2,2,4,3,2,2,4,2,2,3,2,2,3,2,2,,,,,,,,,,,,
87,,,,4,3,4,4,,,3,,1,5,,1,1,,3,,5,4,4,4,2,1,,,,,,5,3,1,,,5,,2,3,,,,,,,5,4,,,4,,5,5,,,,,,,,,,,,,,,,,,,,
88,4,4,3,2,2,4,4,5,1,4,3,2,4,1,1,1,1,1,1,1,1,1,1,1,1,1,1,1,3,3,4,2,1,1,1,3,1,1,1,1,3,3,3,3,1,1,1,1,4,4,1,1,1,1,3,3,1,1,1,1,1,,,,,,,,,,,,
974,2,4,4,2,2,3,3,4,2,3,1,3,4,2,1,2,1,3,1,1,1,3,1,1,1,1,1,1,2,3,3,2,1,1,1,5,1,2,1,4,2,4,3,3,1,1,1,1,5,2,1,1,5,1,1,2,1,4,1,1,3,,,,,,,,,,,,
975,4,3,4,2,2,3,4,5,4,3,2,3,4,2,,,,,,,,,5,1,,1,,,,4,4,,1,3,,5,,,,,4,4,4,4,,,,,,4,,,2,,1,4,1,5,,,5,,,,,,,,,,,,
976,4,3,4,5,1,3,5,4,4,4,4,4,4,4,3,1,3,3,2,3,3,4,3,3,1,4,3,3,2,2,5,2,3,1,3,3,2,2,4,2,5,3,4,5,1,1,2,1,4,1,1,3,4,1,1,5,1,5,2,1,2,,,,,,,,,,,,
977,3,4,4,3,3,2,4,4,4,3,5,3,4,2,3,1,4,1,1,5,2,4,4,1,3,3,5,5,1,1,5,1,4,4,5,5,5,5,3,1,3,1,5,5,1,1,1,1,4,2,1,5,4,1,1,3,1,4,1,1,2,,,,,,,,,,,,
978,3,4,4,4,2,5,4,5,3,4,4,3,3,4,3,1,4,1,4,1,1,3,3,3,1,5,,,,3,4,,,3,1,5,1,1,2,1,3,3,5,5,1,1,1,1,2,1,2,,4,,3,4,1,4,1,1,3,,,,,,,,,,,,
979,3,4,4,2,2,5,3,3,2,3,3,2,5,1,1,1,1,2,1,1,1,1,3,3,3,3,1,1,1,2,4,4,4,3,4,4,3,1,2,1,4,4,4,4,1,1,1,1,2,2,1,3,4,1,3,5,2,4,3,1,3,,,,,,,,,,,,
980,5,4,5,3,2,4,1,5,1,3,4,3,5,1,1,1,1,5,1,4,1,1,1,1,1,1,1,1,5,1,5,4,1,1,1,5,1,1,1,5,1,5,5,5,1,1,1,1,1,1,1,1,1,1,1,5,1,5,1,1,5,,,,,,,,,,,,
981,2,2,3,2,2,5,5,5,1,4,2,2,2,2,2,2,4,3,2,2,2,2,3,1,1,1,1,1,2,3,5,2,1,1,2,4,1,1,2,1,3,4,5,5,1,2,1,1,3,1,1,2,3,,1,5,1,5,2,1,4,,,,,,,,,,,,
982,4,5,5,4,1,4,4,5,4,4,3,3,4,1,1,1,1,5,1,4,1,5,3,3,3,4,1,1,1,1,4,1,1,1,1,5,1,1,1,4,2,5,5,5,1,1,1,1,5,2,1,5,4,1,4,5,1,4,2,1,3,,,,,,,,,,,,
983,3,4,3,4,2,4,4,5,3,4,4,3,3,1,4,3,5,2,1,5,2,4,2,4,1,1,2,1,4,3,4,1,1,2,1,5,1,1,1,1,5,5,5,5,1,1,1,1,1,1,3,3,1,1,1,5,1,5,1,1,4,,,,,,,,,,,,
984,4,4,4,4,2,3,3,4,3,4,3,3,3,4,3,2,3,2,3,3,3,3,4,2,2,5,4,4,3,4,5,4,3,3,4,3,4,3,3,2,2,4,4,4,2,2,2,2,5,3,2,4,4,1,3,4,3,4,4,2,2,,,,,,,,,,,,
985,3,4,4,3,2,4,5,5,3,4,5,3,5,1,2,2,3,3,4,2,1,4,3,1,1,2,4,4,2,3,3,2,2,2,3,4,3,3,4,1,4,4,4,4,5,1,2,1,1,2,1,4,2,,1,3,1,5,1,2,2,,,,,,,,,,,,
986,3,4,5,4,1,3,4,5,3,4,3,3,4,2,3,3,4,3,3,3,2,2,3,3,1,4,4,4,2,1,5,2,3,4,4,4,4,4,3,2,4,4,4,5,2,3,3,4,4,2,2,2,2,1,3,5,3,3,3,2,3,,,,,,,,,,,,
987,1,4,5,4,1,5,5,5,1,3,5,1,5,,2,,1,5,,,4,2,5,1,1,3,1,1,1,1,5,1,1,2,1,5,1,1,1,4,1,3,2,5,1,2,1,1,4,1,1,4,4,1,1,2,1,5,1,1,5,,,,,,,,,,,,
988,3,3,5,3,1,4,5,5,3,5,5,1,2,4,4,4,3,3,2,4,1,5,3,3,1,3,1,2,3,2,5,2,3,4,3,2,3,2,3,1,5,5,5,5,1,1,1,1,2,1,2,2,3,1,1,1,1,5,1,1,3,,,,,,,,,,,,
989,2,2,1,4,1,4,1,1,2,4,5,2,2,2,2,2,3,3,2,2,1,2,3,1,1,2,2,2,4,1,4,3,2,3,3,3,2,2,2,1,3,2,3,4,1,1,1,1,4,2,1,1,3,1,2,5,2,3,2,1,2,,,,,,,,,,,,
990,4,3,4,2,2,5,4,4,1,4,3,3,4,3,2,1,2,1,2,1,2,1,3,1,3,1,1,1,1,2,4,2,1,1,2,4,2,1,2,1,3,2,4,4,1,1,1,2,3,1,2,1,2,1,2,5,2,5,3,2,4,,,,,,,,,,,,
991,2,4,4,4,4,2,4,5,3,4,5,3,5,4,2,1,4,4,1,1,1,5,4,1,1,1,2,2,1,1,4,1,1,3,4,4,3,3,2,2,4,3,3,4,1,1,1,1,5,1,1,4,5,,1,4,1,5,1,1,1,,,,,,,,,,,,
992,4,5,1,4,5,5,3,3,1,4,2,2,2,4,2,1,4,3,1,2,2,2,4,1,1,1,1,1,2,3,5,1,1,,,,,,,,,,,,,,,,,,,,,,,,,,,,,,,,,,,,,,,,
993,3,2,5,1,1,4,4,4,1,3,3,2,2,1,1,1,1,1,1,1,1,1,1,1,1,1,1,1,1,1,5,1,1,1,1,5,1,1,1,1,2,2,5,5,1,1,1,1,1,1,1,1,1,1,1,5,1,5,1,1,5,,,,,,,,,,,,
994,4,5,4,3,1,5,5,5,4,4,3,2,4,2,1,3,1,4,2,2,1,1,2,2,1,2,1,1,1,1,1,2,,,,,,,,,,,,,,,,,,,,,,,,,,,,,,,,,,,,,,,,,
995,2,2,4,2,1,5,4,4,1,4,3,2,5,2,2,2,2,1,2,2,,2,,1,1,1,1,1,3,,5,1,1,1,1,5,1,1,1,3,,5,3,5,,1,1,1,2,1,2,1,3,,1,5,1,5,,,5,,,,,,,,,,,,
996,,4,,5,1,4,5,4,,4,2,2,5,4,5,1,4,4,4,1,,3,5,,1,,4,4,4,4,4,4,3,2,4,4,3,3,4,1,2,1,4,4,,5,3,,2,2,1,1,4,1,3,1,2,,2,1,4,,,,,,,,,,,,
997,4,,,5,1,2,4,,2,3,5,3,5,4,4,2,2,5,4,2,4,2,5,1,1,4,5,5,,,5,3,3,4,4,3,2,2,1,1,5,3,5,2,1,1,1,4,3,2,4,5,1,4,4,4,1,5,1,1,3,,,,,,,,,,,,
998,2,2,4,2,2,2,3,1,3,4,3,1,5,2,1,4,1,5,2,3,3,2,4,2,1,3,3,4,1,3,3,2,3,3,3,3,2,3,3,2,1,3,2,4,1,2,1,2,3,2,3,2,3,1,2,3,2,4,2,1,3,,,,,,,,,,,,
999,3,1,4,1,2,3,4,5,1,5,1,3,4,2,1,1,1,1,1,1,2,1,1,1,1,1,1,2,3,4,3,3,2,1,2,5,1,1,1,1,2,5,3,1,1,1,1,3,2,1,1,2,4,3,4,5,2,1,4,1,3,,,,,,,,,,,,
,,,,,,,,,,,,,,,,,,,,,,,,,,,,,,,,,,,,,,,,,,,,,,,,,,,,,,,,,,,,,,,,,,,,,,,,,
,,,,,,,,,,,,,,,,,,,,,,,,,,,,,,,,,,,,,,,,,,,,,,,,,,,,,,,,,,,,,,,,,,,,,,,,,
,,,,,,,,,,,,,,,,,,,,,,,,,,,,,,,,,,,,,,,,,,,,,,,,,,,,,,,,,,,,,,,,,,,,,,,,,
,,,,,,,,,,,,,,,,,,,,,,,,,,,,,,,,,,,,,,,,,,,,,,,,,,,,,,,,,,,,,,,,,,,,,,,,,
,,,,,,,,,,,,,,,,,,,,,,,,,,,,,,,,,,,,,,,,,,,,,,,,,,,,,,,,,,,,,,,,,,,,,,,,,
001,3,4,4,3,2,3,4,3,3,3,2,3,3,3,2,2,2,3,1,3,2,2,2,2,2,2,2,2,2,1,4,2,2,2,3,3,3,2,2,1,2,2,2,2,3,1,1,1,4,2,2,2,4,3,3,3,2,4,2,1,2,,,,,,,,,,,,
002,2,4,5,4,2,4,4,5,3,4,4,2,4,3,1,2,3,4,3,2,2,3,4,2,4,3,3,3,3,3,4,3,2,2,3,3,2,2,3,1,2,2,2,4,3,3,1,4,5,2,1,3,4,2,4,3,3,2,2,1,2,,,,,,,,,,,,
030,2,5,4,4,1,5,4,2,2,2,4,2,4,3,1,1,1,3,1,3,1,1,4,1,1,2,2,3,1,1,4,2,2,1,3,4,3,2,3,1,3,1,4,4,3,1,1,1,4,2,1,,,,3,3,2,5,1,1,3,,,,,,,,,,,,
031,3,5,3,5,3,2,4,5,2,3,5,2,3,4,5,2,5,5,3,2,2,2,5,2,2,5,5,3,4,1,5,3,3,4,5,3,5,4,3,3,2,2,2,4,4,1,1,1,4,2,2,2,2,1,4,4,3,4,3,3,2,,,,,,,,,,,,
032,2,3,4,2,1,5,5,5,2,5,3,1,2,3,1,1,3,2,1,1,1,4,3,1,1,3,4,4,3,3,4,4,3,4,3,3,3,3,3,2,3,2,3,3,3,3,2,2,3,3,2,2,3,2,3,4,3,5,1,2,3,,,,,,,,,,,,
033,4,4,4,4,2,3,4,4,3,4,4,2,3,1,2,3,2,4,2,4,1,1,2,2,1,3,2,3,4,4,4,4,1,3,2,3,3,2,1,1,2,3,3,4,3,2,1,2,4,2,3,3,2,1,2,3,3,4,1,1,3,,,,,,,,,,,,
034,5,5,4,5,4,3,3,5,3,4,5,4,5,5,4,4,2,4,2,2,3,3,3,2,1,1,5,5,5,5,5,5,5,5,5,5,4,5,1,3,1,5,5,2,1,5,5,5,5,5,5,5,5,1,5,1,5,3,5,5,4,,,,,,,,,,,,
035,2,4,4,1,1,5,4,2,2,4,3,1,4,1,3,2,4,2,5,1,1,1,5,1,1,1,3,2,1,1,5,3,1,1,4,3,3,1,3,3,4,1,3,4,4,1,1,1,4,1,1,1,1,1,5,5,1,1,1,1,3,,,,,,,,,,,,
036,1,5,5,5,1,2,2,5,5,5,5,5,5,2,3,1,5,3,4,1,1,5,4,1,1,5,4,4,2,3,5,2,4,4,5,3,4,4,4,1,2,1,3,4,4,2,2,5,1,3,2,3,3,3,4,4,2,5,1,1,5,,,,,,,,,,,,
037,1,2,4,1,1,5,4,4,3,4,2,2,4,2,2,1,1,1,1,1,3,1,2,1,1,1,2,1,1,1,3,2,1,1,2,3,2,1,1,2,2,3,4,5,5,1,1,1,2,1,1,1,1,2,1,3,1,4,1,1,2,,,,,,,,,,,,
038,2,2,2,2,3,5,4,4,2,4,2,1,4,2,1,1,3,3,2,1,3,3,3,2,2,3,2,2,3,3,4,3,3,2,2,3,2,2,3,2,3,2,3,3,4,1,1,2,2,2,2,2,3,2,3,3,2,4,2,2,3,,,,,,,,,,,,
039,3,4,5,3,1,4,4,5,2,4,4,1,2,2,3,3,4,2,4,2,1,5,2,2,2,2,3,3,2,2,4,1,2,2,2,2,3,3,2,2,3,2,3,3,3,1,1,2,4,3,2,2,4,2,2,3,2,3,1,1,3,,,,,,,,,,,,
040,2,4,4,4,1,5,5,3,4,5,4,3,4,4,3,3,4,5,1,3,1,1,1,1,3,1,1,1,1,4,5,,3,3,1,1,1,1,1,1,3,2,1,5,5,1,1,1,2,1,1,1,2,1,1,1,1,1,1,1,4,,,,,,,,,,,,
041,3,4,4,2,1,4,5,4,1,4,2,1,2,2,1,3,2,4,1,1,1,3,4,3,2,3,3,3,5,3,5,3,1,1,1,5,2,2,4,4,3,1,5,5,4,1,1,1,3,2,1,1,2,,4,3,2,3,1,2,5,,,,,,,,,,,,
042,3,2,1,1,2,2,4,5,2,3,4,3,5,3,3,2,4,2,3,2,2,4,3,3,1,3,3,3,1,4,4,3,4,3,4,4,4,3,3,2,3,1,3,3,4,4,3,4,4,3,1,1,2,1,3,3,3,4,1,1,3,,,,,,,,,,,,
043,2,4,4,3,2,4,4,5,4,4,4,2,5,2,3,3,2,4,2,3,1,3,3,2,3,3,3,2,4,3,3,4,2,2,4,2,4,3,2,3,2,1,1,3,3,1,1,2,4,2,2,2,2,2,3,3,2,3,2,1,3,,,,,,,,,,,,
044,3,4,5,4,2,5,4,4,1,4,5,1,4,2,1,1,3,4,2,2,1,1,3,1,1,2,3,3,4,1,4,3,1,1,3,2,3,2,3,2,3,2,3,3,3,1,1,1,2,2,1,1,2,1,3,3,1,3,1,3,3,,,,,,,,,,,,
045,1,4,5,4,1,4,4,4,1,4,2,1,3,3,3,2,3,2,1,1,1,1,3,1,2,2,2,2,3,2,4,2,1,2,3,3,3,2,3,1,1,1,2,3,3,1,1,2,2,2,1,2,3,1,3,1,1,3,1,1,3,,,,,,,,,,,,
046,2,2,4,3,1,3,5,4,1,3,2,2,3,3,2,1,4,1,1,1,1,1,2,2,2,2,4,4,2,3,5,3,2,1,5,4,5,5,3,3,5,1,2,5,5,1,1,1,2,2,1,2,2,1,1,3,1,4,1,1,3,,,,,,,,,,,,
432,3,2,5,2,2,4,4,4,1,4,2,2,4,3,3,2,4,2,1,1,2,2,5,1,3,3,4,3,2,3,5,3,5,4,5,3,4,2,3,2,3,1,3,4,4,1,1,2,2,2,1,,4,,4,4,2,4,1,1,2,,,,,,,,,,,,
433,5,5,4,5,5,4,4,4,5,1,5,4,5,2,3,3,4,3,3,2,2,3,4,2,3,4,5,4,3,4,5,1,4,1,5,5,4,4,2,2,3,3,4,4,2,1,1,1,2,4,3,2,2,5,3,4,4,5,3,2,5,,,,,,,,,,,,
434,2,4,5,4,3,4,4,4,2,4,5,3,4,2,3,3,3,3,3,3,3,3,3,3,3,3,4,5,2,2,4,2,3,3,4,2,2,2,4,2,3,2,3,4,4,1,1,1,3,2,1,1,1,1,2,3,2,4,1,1,3,,,,,,,,,,,,
435,5,3,5,3,2,4,5,4,2,5,3,2,3,2,3,3,3,3,1,1,2,3,2,3,3,4,3,3,3,4,4,3,2,2,3,3,3,3,3,2,4,1,2,4,,1,1,1,3,,1,1,1,1,2,4,3,3,3,3,3,,,,,,,,,,,,
436,4,2,2,2,2,5,4,4,1,4,2,2,3,2,2,2,2,2,2,2,3,2,2,2,2,2,2,2,3,2,4,2,2,2,2,3,1,1,2,2,2,1,3,3,4,2,2,2,3,2,2,3,2,3,2,2,3,3,2,2,3,,,,,,,,,,,,
437,3,1,3,3,1,5,4,5,1,3,2,1,2,2,2,1,3,1,2,1,1,4,3,3,1,3,1,1,1,1,5,3,3,2,4,4,3,1,5,3,4,3,4,3,5,3,2,1,3,2,1,1,3,3,2,3,2,4,1,1,3,,,,,,,,,,,,
439,3,4,4,2,3,4,4,2,2,5,3,2,4,2,3,2,3,3,4,2,3,4,2,3,2,4,3,4,2,1,3,3,4,4,5,3,5,3,4,2,3,1,3,4,4,4,2,1,2,2,2,2,3,3,1,4,2,5,2,2,3,,,,,,,,,,,,
440,2,3,5,2,1,4,4,5,2,4,5,2,4,3,3,2,4,2,3,1,2,1,4,1,1,3,3,4,3,4,5,4,3,3,4,3,3,4,4,2,1,1,2,2,3,1,1,4,3,1,2,2,1,1,3,3,4,3,1,1,3,,,,,,,,,,,,
443,4,5,4,3,1,5,5,4,2,4,3,2,3,3,2,3,1,1,3,1,1,2,5,2,2,4,1,2,4,3,4,3,2,5,4,3,3,3,4,1,4,1,5,5,3,1,1,1,4,4,1,1,1,3,4,3,1,4,2,3,4,,,,,,,,,,,,
444,3,4,3,5,3,4,5,4,3,4,5,4,1,2,4,2,5,2,3,3,2,2,3,3,1,3,5,4,2,1,4,4,5,5,5,3,4,4,3,2,3,1,2,5,5,1,1,3,3,2,3,3,2,1,1,5,2,4,4,2,3,,,,,,,,,,,,
445,4,1,4,1,2,3,4,4,1,3,1,1,4,2,2,1,1,3,2,2,3,1,3,4,1,1,4,1,3,1,4,3,3,3,4,1,2,1,3,2,4,1,1,4,5,1,1,1,2,1,1,1,1,1,1,3,1,5,1,1,1,,,,,,,,,,,,
446,4,4,4,5,3,4,4,5,4,4,5,4,5,3,3,2,4,3,2,4,2,3,4,3,2,4,2,1,2,2,4,3,4,5,2,4,2,1,3,2,4,2,4,5,5,3,2,3,2,4,2,3,2,2,4,4,2,5,3,1,5,,,,,,,,,,,,
448,1,1,2,4,2,4,4,4,4,2,4,4,4,4,4,1,5,1,5,1,4,2,2,4,1,3,2,2,2,2,5,3,4,3,4,4,3,3,3,3,2,2,3,5,5,3,1,1,3,3,3,1,3,1,1,2,2,4,1,1,4,,,,,,,,,,,,
449,3,5,3,5,3,1,3,5,5,3,5,5,5,3,3,3,2,3,2,2,3,3,4,1,4,2,5,5,3,3,5,3,2,1,3,5,5,5,2,3,2,1,3,5,3,5,3,5,2,3,2,2,2,1,1,2,5,5,1,5,5,,,,,,,,,,,,
450,2,3,4,3,2,4,4,4,2,3,3,3,2,2,2,1,3,2,2,2,2,3,2,,,4,3,2,2,3,4,3,3,3,3,3,2,2,4,1,3,2,3,4,4,2,2,2,3,2,1,3,2,2,1,4,1,5,1,2,2,,,,,,,,,,,,
452,2,4,4,1,2,4,3,5,1,3,2,2,4,2,1,1,1,2,1,1,1,1,3,1,3,1,1,1,4,1,4,3,1,1,3,4,2,1,1,2,3,2,3,4,4,1,1,1,3,2,1,1,3,1,2,4,3,2,1,1,3,,,,,,,,,,,,
453,3,4,2,4,2,3,3,2,4,1,3,4,5,4,3,3,2,4,3,3,2,3,1,4,2,3,3,4,4,5,1,2,2,1,5,2,3,2,2,3,2,3,2,2,3,,,,,,,,,,,,,,,2,2,,,,,,,,,,,,
455,2,3,4,2,3,5,4,4,2,3,1,3,4,1,2,2,2,1,1,1,3,2,4,1,5,1,1,1,3,2,4,4,1,2,1,5,1,1,3,1,4,1,5,4,4,1,1,1,3,3,1,1,2,,1,5,2,1,1,1,3,,,,,,,,,,,,
456,4,4,5,2,3,4,4,4,2,2,3,3,5,2,2,2,2,2,2,3,2,3,3,2,2,3,2,2,4,3,4,3,2,2,2,3,3,2,3,3,3,2,4,4,4,1,2,2,3,2,1,2,3,2,1,4,1,4,2,1,3,,,,,,,,,,,,
457,3,2,3,4,3,1,1,2,4,2,3,4,3,3,3,3,2,2,1,1,1,4,1,3,3,3,2,2,5,4,5,5,3,3,5,3,4,1,2,1,5,2,4,5,4,1,1,1,3,3,1,1,1,1,2,4,2,4,1,1,3,,,,,,,,,,,,
458,4,4,3,2,2,4,4,5,3,4,3,3,2,2,2,4,3,4,2,4,2,4,4,5,2,4,3,4,3,3,4,4,3,2,4,4,3,3,4,2,3,2,2,4,4,2,2,2,3,3,2,3,2,2,3,4,1,4,3,2,3,,,,,,,,,,,,
461,2,1,2,2,1,3,4,3,2,3,1,2,1,,,3,,3,,,,,3,,,3,,,4,4,4,5,,4,,3,3,4,,,3,3,,3,3,,,,3,,,3,,,,4,,3,,,5,,,,,,,,,,,,
464,1,2,4,3,1,5,5,5,1,4,2,1,1,2,2,1,3,3,2,1,1,3,3,4,1,3,1,1,1,1,5,2,1,4,4,4,2,2,5,2,5,1,2,5,5,2,2,1,3,2,1,1,2,2,1,3,1,5,1,1,3,,,,,,,,,,,,
465,4,5,3,3,1,2,4,5,2,2,5,4,2,4,2,3,2,4,1,5,2,4,4,3,1,2,1,1,5,3,5,3,1,1,1,3,1,1,2,4,2,2,2,3,4,1,2,4,5,3,3,2,5,2,5,4,2,2,4,1,4,,,,,,,,,,,,
466,3,3,5,3,4,5,4,4,2,3,2,2,3,2,1,1,2,3,2,2,3,3,3,2,2,2,2,4,3,1,4,3,2,2,2,4,2,2,2,2,3,2,3,3,4,1,1,2,2,3,2,2,3,3,3,3,2,4,2,1,3,,,,,,,,,,,,
467,2,3,5,3,1,4,5,5,2,4,4,1,3,4,2,1,2,2,2,2,1,3,2,2,2,2,3,2,1,3,4,3,1,1,1,5,3,3,1,5,1,1,5,5,1,1,1,3,3,1,3,1,3,3,3,3,3,3,3,1,3,,,,,,,,,,,,
468,2,3,2,2,2,4,4,4,1,5,3,2,4,1,2,1,1,1,2,1,1,1,1,1,1,1,1,1,2,1,2,2,1,1,1,3,1,1,1,3,2,1,3,3,3,1,1,1,1,2,1,1,1,2,1,3,1,3,1,1,3,,,,,,,,,,,,
469,2,4,5,2,1,4,5,3,3,4,4,2,2,2,1,2,2,1,2,1,1,1,3,1,1,2,2,3,3,1,3,2,2,1,4,1,4,3,2,1,2,1,3,5,5,1,2,1,3,4,1,1,3,1,1,2,3,2,1,1,3,,,,,,,,,,,,
470,4,4,4,3,2,2,5,5,1,4,3,1,3,3,3,2,4,4,2,2,3,2,3,3,1,4,4,3,1,3,4,3,3,3,5,4,3,3,4,2,2,1,2,2,2,1,1,3,4,2,2,2,2,1,4,2,2,3,1,1,3,,,,,,,,,,,,
471,3,5,5,5,1,3,2,3,5,4,5,4,1,2,5,2,3,3,4,1,2,4,1,1,3,3,4,5,1,1,5,2,5,3,5,4,5,4,3,1,5,2,3,5,5,1,1,1,3,3,2,2,2,3,3,5,2,4,3,1,3,,,,,,,,,,,,
472,4,5,5,5,1,2,4,5,4,2,4,2,4,3,3,3,2,3,3,2,3,2,3,1,1,3,1,1,3,3,5,2,3,3,3,3,3,2,3,3,2,1,2,3,5,2,1,1,4,3,1,1,3,3,2,2,2,4,2,1,4,,,,,,,,,,,,
473,2,3,4,4,4,5,4,5,3,4,4,3,5,1,3,1,4,3,4,1,4,1,3,3,2,3,3,3,3,2,4,2,1,4,2,3,2,4,2,3,3,4,4,3,5,3,1,4,4,4,4,2,4,4,2,4,1,4,4,1,3,,,,,,,,,,,,
474,4,3,5,5,1,1,5,5,2,5,5,5,4,3,4,2,4,2,4,2,3,4,4,1,1,5,3,5,4,1,5,5,,,4,5,4,3,3,,1,,,,,,,,,,,,,,,,,,,,2,,,,,,,,,,,,
475,1,1,5,5,5,4,1,3,5,2,4,2,5,5,3,4,3,3,3,2,4,3,4,2,1,1,3,2,4,5,5,1,4,4,3,5,2,1,4,3,3,3,,4,,1,1,1,5,4,4,5,3,3,2,,5,4,4,3,3,,,,,,,,,,,,
476,2,2,4,3,1,5,4,4,1,4,2,1,4,4,3,3,5,3,5,2,2,4,5,2,2,5,1,1,4,1,5,4,1,1,3,4,1,1,4,1,3,4,2,4,4,1,1,1,4,2,3,3,4,2,2,4,2,5,4,1,4,,,,,,,,,,,,
478,4,4,5,4,2,4,3,2,5,4,5,3,4,2,3,1,5,5,4,2,5,2,3,3,2,4,5,5,3,2,3,2,4,2,3,3,4,4,2,1,3,1,4,2,1,1,1,1,3,3,1,1,3,2,1,5,1,3,1,3,4,,,,,,,,,,,,
479,3,4,5,5,2,4,5,4,3,4,5,3,2,2,3,3,4,4,3,3,2,4,4,2,2,4,3,4,1,3,4,3,4,4,5,3,3,3,3,2,4,2,3,3,3,2,2,1,4,2,2,2,3,2,2,4,2,4,2,1,3,,,,,,,,,,,,
480,2,4,5,4,1,2,5,5,5,4,4,4,5,2,2,5,2,5,1,5,1,5,2,2,1,1,3,3,4,1,5,3,1,1,1,3,4,3,1,1,1,1,1,1,2,4,3,1,5,2,1,1,1,1,1,1,3,1,1,1,4,,,,,,,,,,,,
67,2,4,3,3,2,3,3,4,2,4,3,2,2,3,3,2,3,3,1,2,2,2,4,1,2,2,2,2,3,4,4,3,2,2,2,4,2,2,2,2,3,2,4,4,4,2,2,4,4,3,2,2,3,2,4,3,2,3,2,2,4,,,,,,,,,,,,
68,3,3,4,3,3,4,4,5,3,4,4,3,4,2,1,1,1,3,1,1,1,1,2,1,1,1,2,1,2,2,5,3,1,2,1,4,2,1,1,1,2,1,2,3,3,2,2,2,2,2,1,1,1,1,1,1,1,4,1,1,3,,,,,,,,,,,,
73,3,4,4,3,2,2,1,3,3,3,2,4,1,2,2,2,2,2,,,2,2,2,1,1,2,2,4,1,5,2,1,1,2,3,4,2,2,1,3,2,3,1,4,5,1,1,4,3,5,2,3,4,2,2,4,1,4,2,4,4,,,,,,,,,,,,
74,2,3,4,3,2,3,5,4,3,4,3,3,3,3,3,3,3,3,2,3,2,3,3,3,3,1,1,3,5,5,4,3,1,1,2,4,2,2,2,2,3,2,3,2,2,1,1,1,1,1,1,2,3,2,3,3,2,3,1,1,3,,,,,,,,,,,,
75,4,5,4,4,1,1,5,5,4,2,3,2,4,3,4,2,5,2,4,2,4,2,5,3,1,3,5,4,1,5,5,4,5,4,4,3,4,4,3,2,3,1,1,4,1,4,3,3,5,5,5,2,4,4,3,3,5,5,2,2,2,,,,,,,,,,,,
76,3,4,5,5,2,2,5,4,4,4,5,4,5,2,2,3,3,3,3,3,3,3,4,2,2,2,4,5,2,3,4,2,3,4,5,4,5,5,4,2,4,2,2,5,4,3,3,3,3,2,2,2,2,2,2,3,2,4,2,2,3,,,,,,,,,,,,
77,3,3,3,2,3,4,3,3,2,3,2,2,3,1,2,2,3,2,2,2,2,2,2,2,2,2,2,2,2,2,4,2,2,2,2,3,2,2,2,2,2,2,2,3,2,2,2,2,2,1,2,1,2,2,2,3,2,5,1,1,1,,,,,,,,,,,,
78,2,5,5,4,1,3,2,5,4,2,4,2,5,1,1,1,4,4,1,1,1,1,3,3,1,1,5,5,1,5,5,4,1,3,1,5,5,4,1,5,4,3,5,4,1,3,5,5,5,2,2,2,1,4,5,5,1,3,1,1,4,,,,,,,,,,,,
79,3,3,3,3,4,5,5,5,3,3,3,3,3,2,3,1,1,1,1,1,3,3,3,1,1,3,3,3,3,3,5,5,1,3,3,3,1,3,1,3,1,1,3,3,3,3,3,2,3,3,3,1,4,3,1,3,3,3,3,3,1,,,,,,,,,,,,
80,3,2,4,2,1,4,4,4,2,3,3,2,4,1,3,3,3,3,1,2,2,2,3,2,1,3,1,1,2,2,3,3,1,1,2,3,2,1,4,1,3,2,3,3,3,1,1,1,2,1,1,2,1,1,3,4,2,4,3,2,3,,,,,,,,,,,,
,,,,,,,,,,,,,,,,,,,,,,,,,,,,,,,,,,,,,,,,,,,,,,,,,,,,,,,,,,,,,,,,,,,,,,,,,
,,,,,,,,,,,,,,,,,,,,,,,,,,,,,,,,,,,,,,,,,,,,,,,,,,,,,,,,,,,,,,,,,,,,,,,,,
,,,,,,,,,,,,,,,,,,,,,,,,,,,,,,,,,,,,,,,,,,,,,,,,,,,,,,,,,,,,,,,,,,,,,,,,,
047,3,4,4,5,1,3,4,4,3,4,5,4,4,2,2,,,2,2,,1,1,1,1,,2,4,4,4,4,4,4,3,3,2,3,4,2,2,,3,1,1,4,4,1,3,4,3,3,1,1,3,1,1,2,1,1,1,3,4,,,,,,,,,,,,
048,3,3,3,1,2,5,3,4,2,4,2,3,4,4,1,1,1,1,1,1,,2,2,,1,,1,,,2,2,,1,2,2,2,1,1,1,,2,1,1,3,2,1,1,2,3,3,2,2,1,1,1,1,1,3,1,1,1,,,,,,,,,,,,
049,2,4,4,4,1,4,3,3,3,4,4,2,5,3,1,1,,3,,4,1,1,4,,,2,2,2,1,1,5,3,1,1,1,4,2,2,1,1,2,2,3,2,2,1,3,1,3,1,1,1,4,,2,4,2,2,1,1,5,,,,,,,,,,,,
053,1,4,2,2,1,5,4,5,1,4,4,1,2,2,,2,,2,1,1,,2,1,1,,2,1,1,3,1,3,2,1,2,2,2,2,2,2,,2,1,1,2,1,1,2,3,2,1,,3,3,1,2,3,1,1,2,2,1,,,,,,,,,,,,
054,2,2,2,2,2,2,4,3,1,4,2,1,4,4,4,,5,,,5,,5,5,,,4,1,5,1,1,4,1,5,1,5,1,1,5,1,,5,1,,5,1,,,1,5,,,5,5,,,,,,,5,,,,,,,,,,,,,
055,3,4,3,5,4,3,4,2,3,2,4,4,5,4,2,2,2,,2,,,3,1,,,2,1,1,4,3,2,4,1,2,2,2,2,1,2,,2,1,2,3,3,2,1,3,2,2,1,,2,1,,2,1,3,1,1,2,,,,,,,,,,,,
056,2,5,4,4,1,2,4,4,2,5,4,4,5,3,5,1,5,1,4,,4,1,5,1,1,4,3,3,4,5,4,4,2,3,3,3,4,3,1,1,1,1,1,1,1,1,2,1,1,1,3,,1,1,1,1,1,1,1,1,4,,,,,,,,,,,,
059,3,1,2,4,3,4,5,4,4,4,5,1,2,1,1,1,2,1,2,1,1,1,1,1,1,1,1,1,2,2,2,2,1,1,1,2,1,1,1,1,1,1,1,1,1,1,1,4,1,1,1,1,1,1,1,1,1,1,1,1,1,,,,,,,,,,,,
060,4,4,4,4,1,4,3,3,4,2,4,2,5,3,,2,3,,2,,,4,,2,1,1,1,2,2,3,3,4,2,1,4,3,2,2,4,1,3,1,2,3,2,1,1,3,4,2,,3,4,1,1,1,1,3,1,2,2,,,,,,,,,,,,
061,2,3,4,2,1,3,2,3,3,3,3,2,5,2,2,1,2,1,2,1,1,2,1,2,1,2,4,2,3,2,2,3,1,1,2,1,3,3,2,2,1,2,2,1,1,1,1,1,1,1,1,2,2,1,1,2,1,2,2,2,1,,,,,,,,,,,,
062,4,3,4,2,1,5,5,5,1,4,3,2,4,1,1,1,2,,,3,,4,1,1,1,1,1,1,5,5,1,5,1,1,1,2,1,1,1,,1,1,1,1,1,1,1,1,1,1,,5,5,1,1,1,1,1,1,1,1,,,,,,,,,,,,
063,3,4,5,2,1,4,4,4,3,4,2,3,4,3,,2,1,1,,3,,2,2,,1,1,2,2,3,3,4,3,1,1,1,3,1,1,1,1,1,2,3,3,3,1,1,3,4,1,1,1,4,1,1,3,1,3,1,1,5,,,,,,,,,,,,
064,1,2,4,1,5,5,3,4,1,3,2,2,4,1,,,,,,,,,1,,,,,,2,2,2,,,,,2,,,,,1,1,2,,2,,,5,1,,,2,,,,2,,3,,,,,,,,,,,,,,,
326,2,4,3,2,1,4,4,4,2,4,2,3,3,1,1,1,1,1,1,1,2,1,1,1,1,1,1,1,2,1,2,2,1,2,1,3,1,1,1,,1,1,1,1,1,1,1,1,1,1,1,1,1,2,1,2,1,1,1,1,2,,,,,,,,,,,,
327,1,4,4,3,1,4,4,4,2,3,4,2,5,2,2,,3,,3,,1,,1,,1,,2,,3,2,2,2,2,2,3,3,3,2,2,3,2,4,3,2,2,1,3,2,4,2,1,3,3,,1,1,1,1,1,2,3,,,,,,,,,,,,
328,3,4,5,2,4,5,5,5,1,4,4,3,5,3,1,1,3,,2,,,3,2,,2,,1,1,1,1,3,3,1,1,1,1,1,1,2,,4,1,,1,1,1,1,1,1,1,1,1,2,1,1,2,1,5,1,1,5,,,,,,,,,,,,
329,4,4,3,4,1,3,4,4,3,4,3,2,2,5,3,1,1,1,4,1,2,3,3,4,1,2,4,3,2,4,3,2,4,3,3,2,4,5,2,4,2,3,1,4,2,4,3,3,,4,1,2,4,3,2,4,3,2,4,2,2,,,,,,,,,,,,
330,3,5,4,3,4,4,2,2,3,2,3,3,4,4,2,2,1,1,3,,1,,2,,1,,1,2,1,2,3,1,1,1,1,4,1,2,1,1,1,1,3,1,1,1,2,1,1,1,1,1,2,2,1,1,1,1,1,1,5,,,,,,,,,,,,
331,3,2,4,3,2,5,1,3,1,3,2,1,4,3,1,2,2,1,1,,1,,3,,,2,2,2,3,4,2,3,2,2,2,3,2,1,3,1,2,3,3,3,3,1,1,2,3,1,1,1,1,1,,3,,4,1,1,2,,,,,,,,,,,,
332,4,4,4,4,1,5,5,5,3,4,5,2,5,3,1,1,3,3,3,3,3,1,2,1,1,2,2,2,3,3,3,3,2,2,3,1,3,2,2,1,3,1,1,4,3,1,1,3,3,2,2,1,2,2,1,2,1,3,1,1,1,,,,,,,,,,,,
333,3,4,4,3,1,5,4,4,1,3,2,1,3,4,2,1,,3,4,,,3,1,,1,,1,1,3,1,3,3,1,1,2,3,1,1,2,1,1,2,1,2,2,1,1,2,4,2,,3,5,2,2,2,1,2,1,1,1,,,,,,,,,,,,
335,2,4,3,4,4,2,4,5,3,2,4,2,5,3,2,2,1,3,3,2,1,4,1,2,1,2,4,4,1,3,4,1,3,4,4,1,3,4,3,1,2,1,1,2,2,2,1,2,2,2,1,3,2,1,1,2,1,3,1,2,1,,,,,,,,,,,,
343,1,5,5,4,1,4,5,5,2,5,5,2,3,2,2,,3,,3,1,1,1,2,,,3,3,2,1,1,2,1,4,4,4,2,3,2,2,,3,1,1,3,3,,,4,2,1,1,,2,,1,3,,4,1,1,4,,,,,,,,,,,,
344,3,1,3,1,2,5,5,4,1,4,1,1,2,2,,,2,2,,,2,2,3,,1,,,,,,,,,,,1,1,,2,,3,1,1,3,,,,,2,,,,,,2,1,,,,,,,,,,,,,,,,,
346,3,4,4,4,3,3,4,4,3,5,4,4,5,3,2,,2,,1,,,2,4,,,2,2,2,2,1,2,2,2,1,1,2,2,2,2,1,2,2,2,2,1,1,1,1,2,1,1,1,2,1,1,2,1,2,2,2,1,,,,,,,,,,,,
347,4,3,5,3,2,4,3,4,4,5,5,3,4,2,1,1,2,,1,1,2,,1,1,1,1,2,,5,5,2,1,2,4,2,1,2,,1,,1,1,1,2,2,,,,2,1,1,1,3,,1,1,,3,2,3,1,,,,,,,,,,,,
348,4,3,4,4,3,5,4,4,4,4,4,2,4,3,1,,4,,,5,,5,3,,,4,3,,2,2,,2,4,1,3,1,3,,2,,3,1,1,3,3,1,2,2,1,1,1,,1,1,1,,1,3,1,2,2,,,,,,,,,,,,
349,4,4,3,3,4,4,4,4,4,4,4,3,2,2,2,4,2,4,2,4,2,4,2,4,2,1,2,2,1,3,2,1,2,1,2,4,2,2,2,1,1,5,2,2,1,2,2,3,3,2,1,4,4,2,1,1,1,2,1,2,3,,,,,,,,,,,,
350,4,2,4,1,2,5,5,5,1,5,2,3,2,4,1,1,1,1,1,1,1,1,3,3,1,1,2,2,3,1,2,1,2,4,1,3,1,1,3,3,3,1,2,2,2,1,1,3,1,1,1,1,1,1,1,3,1,5,3,1,1,,,,,,,,,,,,
351,2,3,3,3,2,4,4,4,2,4,3,3,4,2,2,1,2,1,3,1,1,1,3,1,1,1,1,2,2,3,3,2,2,2,2,3,1,2,2,1,2,1,2,2,2,1,2,4,3,1,1,3,4,1,2,2,1,2,1,1,3,,,,,,,,,,,,
352,4,5,4,5,1,4,5,4,2,4,5,2,2,3,1,,3,,,3,1,,2,,1,,4,3,3,3,2,3,1,1,2,1,2,1,2,,2,1,1,2,2,1,1,3,2,,1,,2,1,1,2,1,3,1,1,1,,,,,,,,,,,,
353,2,2,5,4,1,4,3,5,2,4,5,2,4,3,2,,3,,,3,3,,1,1,1,1,2,2,2,1,2,2,,2,1,3,3,3,2,,2,2,2,2,2,,,,4,,,,,,1,1,,4,,,1,,,,,,,,,,,,
354,1,3,4,4,3,5,4,5,2,4,3,2,4,,1,1,2,,1,,1,,1,,1,,,,,1,2,2,,,,3,1,1,,,1,2,2,1,2,,,1,2,,,,,1,1,2,,1,1,1,1,,,,,,,,,,,,
355,2,2,5,2,1,4,5,5,2,5,3,2,2,4,2,,,2,2,,1,1,1,1,1,1,2,2,3,4,2,3,1,2,2,3,2,2,1,1,1,1,2,1,1,,,2,3,2,1,,2,,1,1,2,1,2,2,1,,,,,,,,,,,,
356,4,3,4,1,2,4,4,4,1,4,5,3,4,3,2,1,2,1,3,1,1,1,3,1,1,3,1,1,3,1,3,3,1,2,3,2,1,1,1,1,1,1,1,1,1,1,1,1,3,1,3,1,3,1,1,1,1,3,1,1,1,,,,,,,,,,,,
357,4,3,4,3,4,4,4,4,1,4,2,2,2,2,3,1,3,1,3,1,3,1,1,1,1,2,2,2,3,1,2,2,2,2,3,2,2,3,1,1,2,1,1,1,2,2,2,1,2,1,2,1,2,1,1,3,1,2,1,1,2,,,,,,,,,,,,
358,4,5,4,4,1,1,5,3,4,2,5,2,5,3,1,1,2,,1,1,2,,2,,1,1,5,3,,,,,5,5,4,4,5,2,2,,1,1,2,1,1,,,,1,4,1,1,1,1,1,2,,4,,,3,,,,,,,,,,,,
359,3,4,4,2,2,4,3,5,2,3,2,2,4,2,1,1,2,1,1,1,1,2,2,1,1,1,1,1,3,1,1,3,1,1,1,3,1,1,2,1,1,1,3,1,3,,,2,2,1,1,1,1,1,2,3,1,3,1,1,3,,,,,,,,,,,,
360,2,5,4,4,1,4,5,5,2,4,4,1,4,2,4,,,3,4,,1,1,4,,1,1,2,2,3,4,3,4,1,2,2,3,2,1,3,1,1,1,1,1,2,1,1,1,3,1,1,1,4,1,4,4,1,4,1,1,1,,,,,,,,,,,,
361,2,4,3,5,1,3,4,5,4,4,5,4,3,3,1,1,,4,,2,1,1,1,1,1,1,1,1,1,1,4,1,1,1,1,3,2,2,2,,1,1,3,1,1,1,3,1,2,2,,5,,1,,2,1,2,1,1,1,,,,,,,,,,,,
362,4,2,4,1,2,4,4,3,1,4,2,2,2,3,2,,2,,2,,,2,2,,2,,2,,4,2,2,2,1,1,2,4,1,1,1,1,1,1,2,2,2,1,1,1,1,1,,4,4,1,1,1,1,1,1,1,3,,,,,,,,,,,,
364,2,4,4,1,1,4,4,5,1,2,1,2,1,2,3,,4,,4,,,5,5,,1,,1,2,2,3,5,3,2,2,2,4,3,1,2,,1,1,3,4,1,5,5,3,5,1,1,1,4,,1,1,1,1,1,1,4,,,,,,,,,,,,
365,2,3,4,2,1,5,4,5,3,4,4,3,4,4,,2,,3,2,,1,1,2,,1,,1,1,2,2,2,2,1,2,2,3,2,2,1,1,1,2,1,2,2,1,2,1,2,1,1,1,3,1,1,2,1,1,1,1,4,,,,,,,,,,,,
366,1,3,5,3,2,3,4,3,3,3,5,4,5,4,2,,3,4,2,,1,,2,,,3,4,3,3,4,1,4,5,5,5,4,5,5,4,2,4,1,1,3,3,1,4,3,1,2,,2,1,,1,3,,3,1,2,1,,,,,,,,,,,,
367,2,4,5,5,1,1,5,5,5,4,4,5,1,2,1,3,1,4,1,4,1,1,3,,,4,5,5,1,2,3,1,5,5,5,1,5,5,3,,4,1,1,4,3,1,1,4,1,1,,3,1,1,1,3,1,4,1,3,3,,,,,,,,,,,,
363,4,4,4,4,3,3,3,4,2,4,4,4,5,3,2,1,1,2,1,1,1,3,1,1,1,2,2,2,3,2,2,2,1,3,1,2,2,2,2,1,1,1,2,1,1,1,2,2,3,2,1,3,4,1,1,1,2,3,1,1,1,,,,,,,,,,,,
,,,,,,,,,,,,,,,,,,,,,,,,,,,,,,,,,,,,,,,,,,,,,,,,,,,,,,,,,,,,,,,,,,,,,,,,,
50,4,4,3,4,2,4,4,5,3,4,5,3,4,3,1,1,2,1,1,1,2,1,1,1,1,1,2,2,3,3,2,3,1,3,2,2,2,2,1,3,1,1,2,3,2,2,2,3,1,2,1,2,2,2,2,2,2,3,1,2,2,,,,,,,,,,,,
51,1,1,5,2,1,5,5,4,1,3,3,1,4,1,1,1,1,1,1,1,1,1,1,1,1,1,1,1,5,5,3,5,1,1,2,4,1,1,2,1,1,1,2,2,2,1,3,1,3,1,1,1,3,1,1,1,1,1,1,1,1,,,,,,,,,,,,
52,3,1,5,1,3,5,5,5,1,4,1,1,3,5,3,1,1,1,1,1,1,1,3,1,1,1,3,3,2,1,5,1,1,1,2,2,2,2,2,1,2,2,1,2,2,1,1,1,2,2,1,1,2,2,2,2,1,1,1,1,1,,,,,,,,,,,,
57,2,4,5,4,1,4,5,4,3,4,4,3,4,2,2,3,2,3,1,3,3,1,1,2,2,1,4,3,3,2,2,2,2,2,2,2,4,3,2,1,3,2,1,3,3,1,1,3,3,2,1,3,4,2,2,3,1,5,1,1,1,,,,,,,,,,,,
98,2,4,5,3,3,4,3,3,2,3,3,2,4,4,1,1,1,1,1,1,1,1,2,2,1,1,1,1,1,1,1,1,1,1,1,4,1,1,1,1,3,1,1,1,1,1,1,1,1,1,1,1,1,1,1,1,1,1,1,1,1,,,,,,,,,,,,
99,2,2,1,2,1,4,4,4,2,4,3,3,2,3,1,1,1,1,1,1,2,,1,1,1,1,,,1,2,1,2,1,1,1,2,1,1,1,1,1,1,1,1,1,1,2,1,1,1,2,,5,1,1,1,1,1,1,1,2,,,,,,,,,,,,
100,1,1,5,4,1,5,5,5,1,4,5,3,5,3,4,,5,,,4,1,1,1,,1,,1,1,,1,3,1,1,1,1,3,1,1,1,1,1,1,1,1,1,1,1,1,1,1,,3,4,1,1,1,1,1,1,2,1,,,,,,,,,,,,
101,2,5,4,5,1,2,2,4,4,2,5,5,5,4,3,,3,,,3,,3,1,1,1,,1,1,3,1,3,2,1,3,1,4,2,2,,,1,,1,3,4,,,3,4,3,,3,,1,1,1,,4,,,4,,,,,,,,,,,,
102,2,4,5,3,1,1,1,1,3,1,2,4,4,3,1,1,1,1,1,1,2,1,1,1,1,3,3,3,2,1,1,2,1,2,2,2,2,2,2,1,1,2,1,1,2,2,3,2,2,2,1,2,2,1,2,1,1,4,2,1,1,,,,,,,,,,,,
103,2,4,4,4,1,4,4,5,1,4,3,2,4,3,1,2,1,2,1,1,1,1,2,2,1,1,2,1,4,5,3,3,1,1,1,4,1,1,1,3,1,1,2,1,2,2,1,1,3,1,1,1,3,1,2,3,1,1,1,1,4,,,,,,,,,,,,
104,1,3,2,1,4,5,5,1,1,2,3,2,2,1,1,1,1,1,1,1,1,1,1,1,1,1,1,1,1,1,1,1,1,1,1,1,1,1,1,1,1,1,2,1,1,1,1,1,1,1,1,1,1,1,1,1,1,1,1,1,1,,,,,,,,,,,,
105,2,4,4,4,2,4,4,4,4,4,5,2,5,4,1,1,4,2,1,1,3,1,2,1,1,1,2,2,1,1,3,1,2,3,3,5,2,3,2,1,3,1,3,4,3,1,1,3,1,3,1,1,2,1,4,4,1,2,1,3,3,,,,,,,,,,,,
106,3,4,5,3,2,4,5,5,1,4,4,2,4,3,1,1,2,1,2,1,1,2,3,1,1,2,3,3,2,2,1,1,1,2,2,1,2,1,3,1,2,3,1,3,3,1,1,4,3,2,1,2,3,1,1,4,1,3,1,1,1,,,,,,,,,,,,
107,3,4,4,2,2,4,5,4,1,4,4,2,3,4,4,1,3,1,3,1,3,1,1,2,1,2,1,3,2,2,2,2,4,4,3,2,3,3,2,1,3,1,2,2,3,2,1,2,1,1,1,1,2,1,1,1,1,3,1,1,1,,,,,,,,,,,,
108,3,4,4,3,2,4,4,5,4,5,4,3,3,4,3,3,2,1,2,1,1,2,2,2,1,2,3,2,2,1,3,3,3,4,4,1,3,3,3,1,2,1,2,2,1,,,1,2,3,1,2,1,1,2,4,,1,2,2,1,,,,,,,,,,,,
109,3,2,4,3,1,4,2,4,2,3,2,4,2,4,3,2,5,2,4,2,4,1,4,2,1,3,5,2,3,2,4,2,4,2,3,5,2,4,2,3,5,2,4,2,4,2,4,2,5,2,5,2,5,1,4,1,5,2,5,2,4,,,,,,,,,,,,
112,2,4,4,1,2,4,4,4,2,4,2,2,5,2,1,1,1,1,1,1,2,2,2,2,1,1,1,1,3,3,2,3,1,1,1,5,2,2,1,1,4,1,5,5,5,1,1,2,2,1,1,1,2,1,1,2,1,5,3,1,5,,,,,,,,,,,,
114,3,4,3,4,2,3,4,3,4,3,4,4,4,3,4,5,5,5,1,5,1,1,3,,1,,3,3,3,5,3,3,3,2,4,3,4,3,3,3,3,4,2,2,2,3,3,2,3,3,3,3,5,1,3,4,3,2,3,3,3,,,,,,,,,,,,
